{
  "IcoMoonType": "selection",
  "icons": [
    {
      "icon": {
        "paths": [
          "M790.857 529.714l-758.857 421.714c-17.714 9.714-32 1.143-32-18.857v-841.143c0-20 14.286-28.571 32-18.857l758.857 421.714c17.714 9.714 17.714 25.714 0 35.429z"
        ],
        "attrs": [
          {}
        ],
        "width": 809,
        "isMulticolor": false,
        "isMulticolor2": false,
        "tags": [
          "play"
        ],
        "grid": 14
      },
      "attrs": [
        {}
      ],
      "properties": {
        "order": 1,
        "id": 4,
        "name": "play",
        "prevSize": 28,
        "code": 59648
      },
      "setIdx": 0,
      "setId": 3,
      "iconIdx": 0
    },
    {
      "icon": {
        "paths": [
          "M796 694.286c-14.286 45.143-37.143 93.143-70.286 142.857-49.143 74.857-98.286 112-146.857 112-19.429 0-45.714-6.286-80-18.286-33.714-12.571-62.857-18.286-86.286-18.286-22.857 0-50.286 6.286-81.143 18.857-31.429 13.143-56.571 19.429-75.429 19.429-58.857 0-115.429-49.714-172-148-55.429-98.286-84-193.714-84-287.429 0-87.429 21.714-158.286 64.571-213.714 42.857-54.857 96.571-82.286 162.286-82.286 28 0 61.143 5.714 101.143 17.143 39.429 11.429 65.714 17.143 78.857 17.143 16.571 0 44-6.286 81.714-19.429 37.714-12.571 70.857-19.429 98.857-19.429 45.714 0 86.286 12.571 121.714 37.143 20 13.714 40 33.143 59.429 57.143-29.714 25.143-51.429 47.429-65.143 67.429-24.571 35.429-37.143 74.857-37.143 118.286 0 46.857 13.143 89.714 39.429 127.429s56.571 61.714 90.286 72zM581.143 24c0 23.429-5.714 49.714-16.571 77.714-11.429 28.571-29.143 54.857-53.143 78.857-20.571 20.571-41.143 34.286-61.714 41.143-13.143 4-32.571 7.429-59.429 9.714 1.143-56.571 16-105.714 44.571-146.857s76.571-69.143 142.857-84.571c1.143 5.143 2.286 9.143 2.857 12.571 0 4 0.571 7.429 0.571 11.429z"
        ],
        "attrs": [
          {}
        ],
        "width": 796,
        "isMulticolor": false,
        "isMulticolor2": false,
        "tags": [
          "apple"
        ],
        "grid": 14
      },
      "attrs": [
        {}
      ],
      "properties": {
        "order": 1,
        "id": 3,
        "name": "apple",
        "prevSize": 28,
        "code": 59649
      },
      "setIdx": 0,
      "setId": 3,
      "iconIdx": 1
    },
    {
      "icon": {
        "paths": [
          "M199.429 357.143v566.286h-188.571v-566.286h188.571zM211.429 182.286c0.571 54.286-40.571 97.714-106.286 97.714v0h-1.143c-63.429 0-104-43.429-104-97.714 0-55.429 42.286-97.714 106.286-97.714 64.571 0 104.571 42.286 105.143 97.714zM877.714 598.857v324.571h-188v-302.857c0-76-27.429-128-95.429-128-52 0-82.857 34.857-96.571 68.571-4.571 12.571-6.286 29.143-6.286 46.286v316h-188c2.286-513.143 0-566.286 0-566.286h188v82.286h-1.143c24.571-38.857 69.143-95.429 170.857-95.429 124 0 216.571 81.143 216.571 254.857z"
        ],
        "attrs": [
          {}
        ],
        "width": 878,
        "isMulticolor": false,
        "isMulticolor2": false,
        "tags": [
          "linkedin"
        ],
        "grid": 14
      },
      "attrs": [
        {}
      ],
      "properties": {
        "order": 1,
        "id": 2,
        "name": "linkedin",
        "prevSize": 28,
        "code": 59650
      },
      "setIdx": 0,
      "setId": 3,
      "iconIdx": 2
    },
    {
      "icon": {
        "paths": [
          "M925.714 233.143c-25.143 36.571-56.571 69.143-92.571 95.429 0.571 8 0.571 16 0.571 24 0 244-185.714 525.143-525.143 525.143-104.571 0-201.714-30.286-283.429-82.857 14.857 1.714 29.143 2.286 44.571 2.286 86.286 0 165.714-29.143 229.143-78.857-81.143-1.714-149.143-54.857-172.571-128 11.429 1.714 22.857 2.857 34.857 2.857 16.571 0 33.143-2.286 48.571-6.286-84.571-17.143-148-91.429-148-181.143v-2.286c24.571 13.714 53.143 22.286 83.429 23.429-49.714-33.143-82.286-89.714-82.286-153.714 0-34.286 9.143-65.714 25.143-93.143 90.857 112 227.429 185.143 380.571 193.143-2.857-13.714-4.571-28-4.571-42.286 0-101.714 82.286-184.571 184.571-184.571 53.143 0 101.143 22.286 134.857 58.286 41.714-8 81.714-23.429 117.143-44.571-13.714 42.857-42.857 78.857-81.143 101.714 37.143-4 73.143-14.286 106.286-28.571z"
        ],
        "attrs": [
          {}
        ],
        "width": 951,
        "isMulticolor": false,
        "isMulticolor2": false,
        "tags": [
          "twitter"
        ],
        "grid": 14
      },
      "attrs": [
        {}
      ],
      "properties": {
        "order": 1,
        "id": 1,
        "name": "twitter",
        "prevSize": 28,
        "code": 59651
      },
      "setIdx": 0,
      "setId": 3,
      "iconIdx": 3
    },
    {
      "icon": {
        "paths": [
          "M548 6.857v150.857h-89.714c-70.286 0-83.429 33.714-83.429 82.286v108h167.429l-22.286 169.143h-145.143v433.714h-174.857v-433.714h-145.714v-169.143h145.714v-124.571c0-144.571 88.571-223.429 217.714-223.429 61.714 0 114.857 4.571 130.286 6.857z"
        ],
        "attrs": [
          {}
        ],
        "width": 602,
        "isMulticolor": false,
        "isMulticolor2": false,
        "tags": [
          "facebook",
          "facebook-f"
        ],
        "grid": 14
      },
      "attrs": [
        {}
      ],
      "properties": {
        "order": 5,
        "id": 0,
        "name": "facebook, facebook-f",
        "prevSize": 28,
        "code": 59652
      },
      "setIdx": 0,
      "setId": 3,
      "iconIdx": 4
    }
  ],
  "height": 1024,
  "metadata": {
    "name": "icomoon"
  },
  "preferences": {
    "showGlyphs": true,
    "showQuickUse": true,
    "showQuickUse2": true,
    "showSVGs": true,
    "fontPref": {
      "prefix": "icon-",
      "metadata": {
        "fontFamily": "icomoon"
      },
      "metrics": {
        "emSize": 1024,
        "baseline": 6.25,
        "whitespace": 50
      },
      "embed": false
    },
    "imagePref": {
      "prefix": "icon-",
      "png": true,
      "useClassSelector": true,
      "color": 0,
      "bgColor": 16777215,
      "classSelector": ".icon"
    },
    "historySize": 50,
    "showCodes": true,
    "gridSize": 16
  }
}